,Performance Metric,Seconds
0,Loading Time,0.1893324851989746
1,Inference Time,0.01638507843017578
2,Input-Output Time,0.14105820655822754
