,Performance Metric,Seconds
0,Loading Time,8.674752712249756
1,Inference Time,0.021731853485107422
2,Input-Output Time,0.16880059242248535
