,Performance Metric,Seconds
0,Loading Time,0.21551728248596191
1,Inference Time,0.016610383987426758
2,Input-Output Time,0.16144585609436035
