,Performance Metric,Seconds
0,Loading Time,9.418416261672974
1,Inference Time,0.02141094207763672
2,Input-Output Time,0.16868901252746582
