,Performance Metric,Seconds
0,Loading Time,19.207942247390747
1,Inference Time,0.02422356605529785
2,Input-Output Time,0.16319966316223145
