,Performance Metric,Seconds
0,Loading Time,27.92525315284729
1,Inference Time,0.0285642147064209
2,Input-Output Time,0.16533756256103516
