,Performance Metric,Seconds
0,Loading Time,29.787601947784424
1,Inference Time,0.02237534523010254
2,Input-Output Time,0.15300750732421875
