,Performance Metric,Seconds
0,Loading Time,6.950785398483276
1,Inference Time,0.1001889705657959
2,Input-Output Time,0.2995779514312744
