,Performance Metric,Seconds
0,Loading Time,2.351271629333496
1,Inference Time,0.10091662406921387
2,Input-Output Time,0.3045318126678467
